Workbook

Sheet Petunjuk
A1: Kohort Retensi · Zakademia
A2: Tempel lembar Donasi dari Rekap Donasi Standar ke lembar Donasi di sini (kolom A tanggal, B ID donatur, C nominal).
A3: Isi tahun-tahun yang dianalisis di lembar Ringkasan baris 2 (misalnya 2022, 2023, 2024, 2025).
A4: Lembar Matriks menandai, untuk tiap donatur, apakah memberi di tiap tahun; lembar Ringkasan menghitung bertahan, hilang, baru, kembali, retensi, dan kohort.
A5: Rumus memakai UNIQUE/FILTER (Excel 365 / Google Sheets).

Sheet Donasi
A1: Tanggal | B1: ID donatur | C1: Nominal

Sheet Matriks
A1: ID donatur | B1: Tahun pertama | C1: T1 | D1: T2 | E1: T3 | F1: T4
A2: =IFERROR(INDEX(UNIQUE(FILTER(Donasi!B2:B20000,Donasi!B2:B20000<>"")),ROW()-1),"") | B2: =IF(A2="","",YEAR(MINIFS(Donasi!$A$2:$A$20000,Donasi!$B$2:$B$20000,A2))) | C2: =IF($A2="","",IF(COUNTIFS(Donasi!$B$2:$B$20000,$A2,Donasi!$A$2:$A$20000,">="&DATE(Ringkasan!B$2,1,1),Donasi!$A$2:$A$20000,"<="&DATE(Ringkasan!B$2,12,31))>0,1,0)) | D2: =IF($A2="","",IF(COUNTIFS(Donasi!$B$2:$B$20000,$A2,Donasi!$A$2:$A$20000,">="&DATE(Ringkasan!C$2,1,1),Donasi!$A$2:$A$20000,"<="&DATE(Ringkasan!C$2,12,31))>0,1,0)) | E2: =IF($A2="","",IF(COUNTIFS(Donasi!$B$2:$B$20000,$A2,Donasi!$A$2:$A$20000,">="&DATE(Ringkasan!D$2,1,1),Donasi!$A$2:$A$20000,"<="&DATE(Ringkasan!D$2,12,31))>0,1,0)) | F2: =IF($A2="","",IF(COUNTIFS(Donasi!$B$2:$B$20000,$A2,Donasi!$A$2:$A$20000,">="&DATE(Ringkasan!E$2,1,1),Donasi!$A$2:$A$20000,"<="&DATE(Ringkasan!E$2,12,31))>0,1,0))
B3: =IF(A3="","",YEAR(MINIFS(Donasi!$A$2:$A$20000,Donasi!$B$2:$B$20000,A3))) | C3: =IF($A3="","",IF(COUNTIFS(Donasi!$B$2:$B$20000,$A3,Donasi!$A$2:$A$20000,">="&DATE(Ringkasan!B$2,1,1),Donasi!$A$2:$A$20000,"<="&DATE(Ringkasan!B$2,12,31))>0,1,0)) | D3: =IF($A3="","",IF(COUNTIFS(Donasi!$B$2:$B$20000,$A3,Donasi!$A$2:$A$20000,">="&DATE(Ringkasan!C$2,1,1),Donasi!$A$2:$A$20000,"<="&DATE(Ringkasan!C$2,12,31))>0,1,0)) | E3: =IF($A3="","",IF(COUNTIFS(Donasi!$B$2:$B$20000,$A3,Donasi!$A$2:$A$20000,">="&DATE(Ringkasan!D$2,1,1),Donasi!$A$2:$A$20000,"<="&DATE(Ringkasan!D$2,12,31))>0,1,0)) | F3: =IF($A3="","",IF(COUNTIFS(Donasi!$B$2:$B$20000,$A3,Donasi!$A$2:$A$20000,">="&DATE(Ringkasan!E$2,1,1),Donasi!$A$2:$A$20000,"<="&DATE(Ringkasan!E$2,12,31))>0,1,0))
B4: =IF(A4="","",YEAR(MINIFS(Donasi!$A$2:$A$20000,Donasi!$B$2:$B$20000,A4))) | C4: =IF($A4="","",IF(COUNTIFS(Donasi!$B$2:$B$20000,$A4,Donasi!$A$2:$A$20000,">="&DATE(Ringkasan!B$2,1,1),Donasi!$A$2:$A$20000,"<="&DATE(Ringkasan!B$2,12,31))>0,1,0)) | D4: =IF($A4="","",IF(COUNTIFS(Donasi!$B$2:$B$20000,$A4,Donasi!$A$2:$A$20000,">="&DATE(Ringkasan!C$2,1,1),Donasi!$A$2:$A$20000,"<="&DATE(Ringkasan!C$2,12,31))>0,1,0)) | E4: =IF($A4="","",IF(COUNTIFS(Donasi!$B$2:$B$20000,$A4,Donasi!$A$2:$A$20000,">="&DATE(Ringkasan!D$2,1,1),Donasi!$A$2:$A$20000,"<="&DATE(Ringkasan!D$2,12,31))>0,1,0)) | F4: =IF($A4="","",IF(COUNTIFS(Donasi!$B$2:$B$20000,$A4,Donasi!$A$2:$A$20000,">="&DATE(Ringkasan!E$2,1,1),Donasi!$A$2:$A$20000,"<="&DATE(Ringkasan!E$2,12,31))>0,1,0))
B5: =IF(A5="","",YEAR(MINIFS(Donasi!$A$2:$A$20000,Donasi!$B$2:$B$20000,A5))) | C5: =IF($A5="","",IF(COUNTIFS(Donasi!$B$2:$B$20000,$A5,Donasi!$A$2:$A$20000,">="&DATE(Ringkasan!B$2,1,1),Donasi!$A$2:$A$20000,"<="&DATE(Ringkasan!B$2,12,31))>0,1,0)) | D5: =IF($A5="","",IF(COUNTIFS(Donasi!$B$2:$B$20000,$A5,Donasi!$A$2:$A$20000,">="&DATE(Ringkasan!C$2,1,1),Donasi!$A$2:$A$20000,"<="&DATE(Ringkasan!C$2,12,31))>0,1,0)) | E5: =IF($A5="","",IF(COUNTIFS(Donasi!$B$2:$B$20000,$A5,Donasi!$A$2:$A$20000,">="&DATE(Ringkasan!D$2,1,1),Donasi!$A$2:$A$20000,"<="&DATE(Ringkasan!D$2,12,31))>0,1,0)) | F5: =IF($A5="","",IF(COUNTIFS(Donasi!$B$2:$B$20000,$A5,Donasi!$A$2:$A$20000,">="&DATE(Ringkasan!E$2,1,1),Donasi!$A$2:$A$20000,"<="&DATE(Ringkasan!E$2,12,31))>0,1,0))
B6: =IF(A6="","",YEAR(MINIFS(Donasi!$A$2:$A$20000,Donasi!$B$2:$B$20000,A6))) | C6: =IF($A6="","",IF(COUNTIFS(Donasi!$B$2:$B$20000,$A6,Donasi!$A$2:$A$20000,">="&DATE(Ringkasan!B$2,1,1),Donasi!$A$2:$A$20000,"<="&DATE(Ringkasan!B$2,12,31))>0,1,0)) | D6: =IF($A6="","",IF(COUNTIFS(Donasi!$B$2:$B$20000,$A6,Donasi!$A$2:$A$20000,">="&DATE(Ringkasan!C$2,1,1),Donasi!$A$2:$A$20000,"<="&DATE(Ringkasan!C$2,12,31))>0,1,0)) | E6: =IF($A6="","",IF(COUNTIFS(Donasi!$B$2:$B$20000,$A6,Donasi!$A$2:$A$20000,">="&DATE(Ringkasan!D$2,1,1),Donasi!$A$2:$A$20000,"<="&DATE(Ringkasan!D$2,12,31))>0,1,0)) | F6: =IF($A6="","",IF(COUNTIFS(Donasi!$B$2:$B$20000,$A6,Donasi!$A$2:$A$20000,">="&DATE(Ringkasan!E$2,1,1),Donasi!$A$2:$A$20000,"<="&DATE(Ringkasan!E$2,12,31))>0,1,0))
B7: =IF(A7="","",YEAR(MINIFS(Donasi!$A$2:$A$20000,Donasi!$B$2:$B$20000,A7))) | C7: =IF($A7="","",IF(COUNTIFS(Donasi!$B$2:$B$20000,$A7,Donasi!$A$2:$A$20000,">="&DATE(Ringkasan!B$2,1,1),Donasi!$A$2:$A$20000,"<="&DATE(Ringkasan!B$2,12,31))>0,1,0)) | D7: =IF($A7="","",IF(COUNTIFS(Donasi!$B$2:$B$20000,$A7,Donasi!$A$2:$A$20000,">="&DATE(Ringkasan!C$2,1,1),Donasi!$A$2:$A$20000,"<="&DATE(Ringkasan!C$2,12,31))>0,1,0)) | E7: =IF($A7="","",IF(COUNTIFS(Donasi!$B$2:$B$20000,$A7,Donasi!$A$2:$A$20000,">="&DATE(Ringkasan!D$2,1,1),Donasi!$A$2:$A$20000,"<="&DATE(Ringkasan!D$2,12,31))>0,1,0)) | F7: =IF($A7="","",IF(COUNTIFS(Donasi!$B$2:$B$20000,$A7,Donasi!$A$2:$A$20000,">="&DATE(Ringkasan!E$2,1,1),Donasi!$A$2:$A$20000,"<="&DATE(Ringkasan!E$2,12,31))>0,1,0))
B8: =IF(A8="","",YEAR(MINIFS(Donasi!$A$2:$A$20000,Donasi!$B$2:$B$20000,A8))) | C8: =IF($A8="","",IF(COUNTIFS(Donasi!$B$2:$B$20000,$A8,Donasi!$A$2:$A$20000,">="&DATE(Ringkasan!B$2,1,1),Donasi!$A$2:$A$20000,"<="&DATE(Ringkasan!B$2,12,31))>0,1,0)) | D8: =IF($A8="","",IF(COUNTIFS(Donasi!$B$2:$B$20000,$A8,Donasi!$A$2:$A$20000,">="&DATE(Ringkasan!C$2,1,1),Donasi!$A$2:$A$20000,"<="&DATE(Ringkasan!C$2,12,31))>0,1,0)) | E8: =IF($A8="","",IF(COUNTIFS(Donasi!$B$2:$B$20000,$A8,Donasi!$A$2:$A$20000,">="&DATE(Ringkasan!D$2,1,1),Donasi!$A$2:$A$20000,"<="&DATE(Ringkasan!D$2,12,31))>0,1,0)) | F8: =IF($A8="","",IF(COUNTIFS(Donasi!$B$2:$B$20000,$A8,Donasi!$A$2:$A$20000,">="&DATE(Ringkasan!E$2,1,1),Donasi!$A$2:$A$20000,"<="&DATE(Ringkasan!E$2,12,31))>0,1,0))
B9: =IF(A9="","",YEAR(MINIFS(Donasi!$A$2:$A$20000,Donasi!$B$2:$B$20000,A9))) | C9: =IF($A9="","",IF(COUNTIFS(Donasi!$B$2:$B$20000,$A9,Donasi!$A$2:$A$20000,">="&DATE(Ringkasan!B$2,1,1),Donasi!$A$2:$A$20000,"<="&DATE(Ringkasan!B$2,12,31))>0,1,0)) | D9: =IF($A9="","",IF(COUNTIFS(Donasi!$B$2:$B$20000,$A9,Donasi!$A$2:$A$20000,">="&DATE(Ringkasan!C$2,1,1),Donasi!$A$2:$A$20000,"<="&DATE(Ringkasan!C$2,12,31))>0,1,0)) | E9: =IF($A9="","",IF(COUNTIFS(Donasi!$B$2:$B$20000,$A9,Donasi!$A$2:$A$20000,">="&DATE(Ringkasan!D$2,1,1),Donasi!$A$2:$A$20000,"<="&DATE(Ringkasan!D$2,12,31))>0,1,0)) | F9: =IF($A9="","",IF(COUNTIFS(Donasi!$B$2:$B$20000,$A9,Donasi!$A$2:$A$20000,">="&DATE(Ringkasan!E$2,1,1),Donasi!$A$2:$A$20000,"<="&DATE(Ringkasan!E$2,12,31))>0,1,0))
B10: =IF(A10="","",YEAR(MINIFS(Donasi!$A$2:$A$20000,Donasi!$B$2:$B$20000,A10))) | C10: =IF($A10="","",IF(COUNTIFS(Donasi!$B$2:$B$20000,$A10,Donasi!$A$2:$A$20000,">="&DATE(Ringkasan!B$2,1,1),Donasi!$A$2:$A$20000,"<="&DATE(Ringkasan!B$2,12,31))>0,1,0)) | D10: =IF($A10="","",IF(COUNTIFS(Donasi!$B$2:$B$20000,$A10,Donasi!$A$2:$A$20000,">="&DATE(Ringkasan!C$2,1,1),Donasi!$A$2:$A$20000,"<="&DATE(Ringkasan!C$2,12,31))>0,1,0)) | E10: =IF($A10="","",IF(COUNTIFS(Donasi!$B$2:$B$20000,$A10,Donasi!$A$2:$A$20000,">="&DATE(Ringkasan!D$2,1,1),Donasi!$A$2:$A$20000,"<="&DATE(Ringkasan!D$2,12,31))>0,1,0)) | F10: =IF($A10="","",IF(COUNTIFS(Donasi!$B$2:$B$20000,$A10,Donasi!$A$2:$A$20000,">="&DATE(Ringkasan!E$2,1,1),Donasi!$A$2:$A$20000,"<="&DATE(Ringkasan!E$2,12,31))>0,1,0))
B11: =IF(A11="","",YEAR(MINIFS(Donasi!$A$2:$A$20000,Donasi!$B$2:$B$20000,A11))) | C11: =IF($A11="","",IF(COUNTIFS(Donasi!$B$2:$B$20000,$A11,Donasi!$A$2:$A$20000,">="&DATE(Ringkasan!B$2,1,1),Donasi!$A$2:$A$20000,"<="&DATE(Ringkasan!B$2,12,31))>0,1,0)) | D11: =IF($A11="","",IF(COUNTIFS(Donasi!$B$2:$B$20000,$A11,Donasi!$A$2:$A$20000,">="&DATE(Ringkasan!C$2,1,1),Donasi!$A$2:$A$20000,"<="&DATE(Ringkasan!C$2,12,31))>0,1,0)) | E11: =IF($A11="","",IF(COUNTIFS(Donasi!$B$2:$B$20000,$A11,Donasi!$A$2:$A$20000,">="&DATE(Ringkasan!D$2,1,1),Donasi!$A$2:$A$20000,"<="&DATE(Ringkasan!D$2,12,31))>0,1,0)) | F11: =IF($A11="","",IF(COUNTIFS(Donasi!$B$2:$B$20000,$A11,Donasi!$A$2:$A$20000,">="&DATE(Ringkasan!E$2,1,1),Donasi!$A$2:$A$20000,"<="&DATE(Ringkasan!E$2,12,31))>0,1,0))
B12: =IF(A12="","",YEAR(MINIFS(Donasi!$A$2:$A$20000,Donasi!$B$2:$B$20000,A12))) | C12: =IF($A12="","",IF(COUNTIFS(Donasi!$B$2:$B$20000,$A12,Donasi!$A$2:$A$20000,">="&DATE(Ringkasan!B$2,1,1),Donasi!$A$2:$A$20000,"<="&DATE(Ringkasan!B$2,12,31))>0,1,0)) | D12: =IF($A12="","",IF(COUNTIFS(Donasi!$B$2:$B$20000,$A12,Donasi!$A$2:$A$20000,">="&DATE(Ringkasan!C$2,1,1),Donasi!$A$2:$A$20000,"<="&DATE(Ringkasan!C$2,12,31))>0,1,0)) | E12: =IF($A12="","",IF(COUNTIFS(Donasi!$B$2:$B$20000,$A12,Donasi!$A$2:$A$20000,">="&DATE(Ringkasan!D$2,1,1),Donasi!$A$2:$A$20000,"<="&DATE(Ringkasan!D$2,12,31))>0,1,0)) | F12: =IF($A12="","",IF(COUNTIFS(Donasi!$B$2:$B$20000,$A12,Donasi!$A$2:$A$20000,">="&DATE(Ringkasan!E$2,1,1),Donasi!$A$2:$A$20000,"<="&DATE(Ringkasan!E$2,12,31))>0,1,0))
B13: =IF(A13="","",YEAR(MINIFS(Donasi!$A$2:$A$20000,Donasi!$B$2:$B$20000,A13))) | C13: =IF($A13="","",IF(COUNTIFS(Donasi!$B$2:$B$20000,$A13,Donasi!$A$2:$A$20000,">="&DATE(Ringkasan!B$2,1,1),Donasi!$A$2:$A$20000,"<="&DATE(Ringkasan!B$2,12,31))>0,1,0)) | D13: =IF($A13="","",IF(COUNTIFS(Donasi!$B$2:$B$20000,$A13,Donasi!$A$2:$A$20000,">="&DATE(Ringkasan!C$2,1,1),Donasi!$A$2:$A$20000,"<="&DATE(Ringkasan!C$2,12,31))>0,1,0)) | E13: =IF($A13="","",IF(COUNTIFS(Donasi!$B$2:$B$20000,$A13,Donasi!$A$2:$A$20000,">="&DATE(Ringkasan!D$2,1,1),Donasi!$A$2:$A$20000,"<="&DATE(Ringkasan!D$2,12,31))>0,1,0)) | F13: =IF($A13="","",IF(COUNTIFS(Donasi!$B$2:$B$20000,$A13,Donasi!$A$2:$A$20000,">="&DATE(Ringkasan!E$2,1,1),Donasi!$A$2:$A$20000,"<="&DATE(Ringkasan!E$2,12,31))>0,1,0))
B14: =IF(A14="","",YEAR(MINIFS(Donasi!$A$2:$A$20000,Donasi!$B$2:$B$20000,A14))) | C14: =IF($A14="","",IF(COUNTIFS(Donasi!$B$2:$B$20000,$A14,Donasi!$A$2:$A$20000,">="&DATE(Ringkasan!B$2,1,1),Donasi!$A$2:$A$20000,"<="&DATE(Ringkasan!B$2,12,31))>0,1,0)) | D14: =IF($A14="","",IF(COUNTIFS(Donasi!$B$2:$B$20000,$A14,Donasi!$A$2:$A$20000,">="&DATE(Ringkasan!C$2,1,1),Donasi!$A$2:$A$20000,"<="&DATE(Ringkasan!C$2,12,31))>0,1,0)) | E14: =IF($A14="","",IF(COUNTIFS(Donasi!$B$2:$B$20000,$A14,Donasi!$A$2:$A$20000,">="&DATE(Ringkasan!D$2,1,1),Donasi!$A$2:$A$20000,"<="&DATE(Ringkasan!D$2,12,31))>0,1,0)) | F14: =IF($A14="","",IF(COUNTIFS(Donasi!$B$2:$B$20000,$A14,Donasi!$A$2:$A$20000,">="&DATE(Ringkasan!E$2,1,1),Donasi!$A$2:$A$20000,"<="&DATE(Ringkasan!E$2,12,31))>0,1,0))
... B6000: =IF(A6000="","",YEAR(MINIFS(Donasi!$A$2:$A$20000,Donasi!$B$2:$B$20000,A6000))) | C6000: =IF($A6000="","",IF(COUNTIFS(Donasi!$B$2:$B$20000,$A6000,Donasi!$A$2:$A$20000,">="&DATE(Ringkasan!B$2,1,1),Donasi!$A$2:$A$20000,"<="&DATE(Ringkasan!B$2,12,31))>0,1,0)) | D6000: =IF($A6000="","",IF(COUNTIFS(Donasi!$B$2:$B$20000,$A6000,Donasi!$A$2:$A$20000,">="&DATE(Ringkasan!C$2,1,1),Donasi!$A$2:$A$20000,"<="&DATE(Ringkasan!C$2,12,31))>0,1,0)) | E6000: =IF($A6000="","",IF(COUNTIFS(Donasi!$B$2:$B$20000,$A6000,Donasi!$A$2:$A$20000,">="&DATE(Ringkasan!D$2,1,1),Donasi!$A$2:$A$20000,"<="&DATE(Ringkasan!D$2,12,31))>0,1,0)) | F6000: =IF($A6000="","",IF(COUNTIFS(Donasi!$B$2:$B$20000,$A6000,Donasi!$A$2:$A$20000,">="&DATE(Ringkasan!E$2,1,1),Donasi!$A$2:$A$20000,"<="&DATE(Ringkasan!E$2,12,31))>0,1,0))

Sheet Ringkasan
A1: Isi tahun di baris 2 (urut, maksimal 4)
A2: Tahun | B2: 2022 | C2: 2023 | D2: 2024 | E2: 2025
A3: Donatur aktif | B3: =SUM(Matriks!C2:C6000) | C3: =SUM(Matriks!D2:D6000) | D3: =SUM(Matriks!E2:E6000) | E3: =SUM(Matriks!F2:F6000)
A4: Baru (tahun pertama = tahun ini) | B4: =COUNTIFS(Matriks!$B$2:$B$6000,B$2) | C4: =COUNTIFS(Matriks!$B$2:$B$6000,C$2) | D4: =COUNTIFS(Matriks!$B$2:$B$6000,D$2) | E4: =COUNTIFS(Matriks!$B$2:$B$6000,E$2)
A5: Bertahan (memberi tahun ini dan tahun lalu) | B5: – | C5: =SUMPRODUCT((Matriks!C2:C6000=1)*(Matriks!D2:D6000=1)) | D5: =SUMPRODUCT((Matriks!D2:D6000=1)*(Matriks!E2:E6000=1)) | E5: =SUMPRODUCT((Matriks!E2:E6000=1)*(Matriks!F2:F6000=1))
A6: Hilang (tahun lalu memberi, tahun ini tidak) | B6: – | C6: =SUMPRODUCT((Matriks!C2:C6000=1)*(Matriks!D2:D6000=0)) | D6: =SUMPRODUCT((Matriks!D2:D6000=1)*(Matriks!E2:E6000=0)) | E6: =SUMPRODUCT((Matriks!E2:E6000=1)*(Matriks!F2:F6000=0))
A7: Kembali (pernah memberi sebelum tahun lalu, absen tahun lalu, memberi lagi) | B7: =B3-B4-B5 | C7: =C3-C4-C5 | D7: =D3-D4-D5 | E7: =E3-E4-E5
A8: Retensi total | B8: – | C8: =IF(B3=0,"",C5/B3) | D8: =IF(C3=0,"",D5/C3) | E8: =IF(D3=0,"",E5/D3)
A9: Retensi donatur baru (dari yang pertama kali memberi tahun lalu) | B9: – | C9: =IF(B4=0,"",SUMPRODUCT((Matriks!$B$2:$B$6000=B$2)*(Matriks!D2:D6000=1))/B4) | D9: =IF(C4=0,"",SUMPRODUCT((Matriks!$B$2:$B$6000=C$2)*(Matriks!E2:E6000=1))/C4) | E9: =IF(D4=0,"",SUMPRODUCT((Matriks!$B$2:$B$6000=D$2)*(Matriks!F2:F6000=1))/D4)
A10: Pertumbuhan bersih (baru − hilang) | B10: =B4-B6 | C10: =C4-C6 | D10: =D4-D6 | E10: =E4-E6
A13: Tabel kohort: persentase angkatan yang masih memberi di tahun berikutnya
A14: Angkatan | B14: Jumlah | C14: Tahun ke-2 | D14: Tahun ke-3 | E14: Tahun ke-4
A15: =B2 | B15: =COUNTIFS(Matriks!$B$2:$B$6000,A15) | C15: =IF(B15=0,"",SUMPRODUCT((Matriks!$B$2:$B$6000=A15)*(Matriks!D2:D6000=1))/B15) | D15: =IF(B15=0,"",SUMPRODUCT((Matriks!$B$2:$B$6000=A15)*(Matriks!E2:E6000=1))/B15) | E15: =IF(B15=0,"",SUMPRODUCT((Matriks!$B$2:$B$6000=A15)*(Matriks!F2:F6000=1))/B15)
A16: =C2 | B16: =COUNTIFS(Matriks!$B$2:$B$6000,A16) | C16: =IF(B16=0,"",SUMPRODUCT((Matriks!$B$2:$B$6000=A16)*(Matriks!E2:E6000=1))/B16) | D16: =IF(B16=0,"",SUMPRODUCT((Matriks!$B$2:$B$6000=A16)*(Matriks!F2:F6000=1))/B16)
A17: =D2 | B17: =COUNTIFS(Matriks!$B$2:$B$6000,A17) | C17: =IF(B17=0,"",SUMPRODUCT((Matriks!$B$2:$B$6000=A17)*(Matriks!F2:F6000=1))/B17)
A18: =E2 | B18: =COUNTIFS(Matriks!$B$2:$B$6000,A18)
