Workbook

Sheet Petunjuk
A1: Proyeksi Musiman · Zakademia
A2: Lembar Bulanan: isi 24 sampai 36 baris, satu per bulan Masehi: tahun, bulan, dana terhimpun, dan nama bulan Hijriah yang dominan di bulan itu (misalnya Ramadan).
A3: Lembar Indeks menghitung indeks musiman per bulan Hijriah. Lembar Tren menghitung rata-rata bergerak 12 bulan. Lembar Proyeksi memakai dana Ramadan per tahun dan pertumbuhannya.

Sheet Bulanan
A1: Tahun | B1: Bulan (1-12) | C1: Dana terhimpun | D1: Bulan Hijriah dominan | E1: Rata-rata bergerak 12 bulan
E2: =IF(ROW()<13,"",IF(C2="","",AVERAGE(C-9:C2)))
E3: =IF(ROW()<13,"",IF(C3="","",AVERAGE(C-8:C3)))
E4: =IF(ROW()<13,"",IF(C4="","",AVERAGE(C-7:C4)))
E5: =IF(ROW()<13,"",IF(C5="","",AVERAGE(C-6:C5)))
E6: =IF(ROW()<13,"",IF(C6="","",AVERAGE(C-5:C6)))
E7: =IF(ROW()<13,"",IF(C7="","",AVERAGE(C-4:C7)))
E8: =IF(ROW()<13,"",IF(C8="","",AVERAGE(C-3:C8)))
E9: =IF(ROW()<13,"",IF(C9="","",AVERAGE(C-2:C9)))
E10: =IF(ROW()<13,"",IF(C10="","",AVERAGE(C-1:C10)))
E11: =IF(ROW()<13,"",IF(C11="","",AVERAGE(C0:C11)))
E12: =IF(ROW()<13,"",IF(C12="","",AVERAGE(C1:C12)))
E13: =IF(ROW()<13,"",IF(C13="","",AVERAGE(C2:C13)))
E14: =IF(ROW()<13,"",IF(C14="","",AVERAGE(C3:C14)))
E15: =IF(ROW()<13,"",IF(C15="","",AVERAGE(C4:C15)))
E16: =IF(ROW()<13,"",IF(C16="","",AVERAGE(C5:C16)))
E17: =IF(ROW()<13,"",IF(C17="","",AVERAGE(C6:C17)))
E18: =IF(ROW()<13,"",IF(C18="","",AVERAGE(C7:C18)))
E19: =IF(ROW()<13,"",IF(C19="","",AVERAGE(C8:C19)))
E20: =IF(ROW()<13,"",IF(C20="","",AVERAGE(C9:C20)))
E21: =IF(ROW()<13,"",IF(C21="","",AVERAGE(C10:C21)))
E22: =IF(ROW()<13,"",IF(C22="","",AVERAGE(C11:C22)))
E23: =IF(ROW()<13,"",IF(C23="","",AVERAGE(C12:C23)))
... E199: =IF(ROW()<13,"",IF(C199="","",AVERAGE(C188:C199)))

Sheet Indeks
A1: Bulan Hijriah | B1: Rata-rata dana | C1: Indeks musiman
A2: Muharam | B2: =IFERROR(AVERAGEIF(Bulanan!$D$2:$D$200,A2,Bulanan!$C$2:$C$200),"") | C2: =IF(B2="","",B2/AVERAGE($B$2:$B$13))
A3: Safar | B3: =IFERROR(AVERAGEIF(Bulanan!$D$2:$D$200,A3,Bulanan!$C$2:$C$200),"") | C3: =IF(B3="","",B3/AVERAGE($B$2:$B$13))
A4: Rabiulawal | B4: =IFERROR(AVERAGEIF(Bulanan!$D$2:$D$200,A4,Bulanan!$C$2:$C$200),"") | C4: =IF(B4="","",B4/AVERAGE($B$2:$B$13))
A5: Rabiulakhir | B5: =IFERROR(AVERAGEIF(Bulanan!$D$2:$D$200,A5,Bulanan!$C$2:$C$200),"") | C5: =IF(B5="","",B5/AVERAGE($B$2:$B$13))
A6: Jumadilawal | B6: =IFERROR(AVERAGEIF(Bulanan!$D$2:$D$200,A6,Bulanan!$C$2:$C$200),"") | C6: =IF(B6="","",B6/AVERAGE($B$2:$B$13))
A7: Jumadilakhir | B7: =IFERROR(AVERAGEIF(Bulanan!$D$2:$D$200,A7,Bulanan!$C$2:$C$200),"") | C7: =IF(B7="","",B7/AVERAGE($B$2:$B$13))
A8: Rajab | B8: =IFERROR(AVERAGEIF(Bulanan!$D$2:$D$200,A8,Bulanan!$C$2:$C$200),"") | C8: =IF(B8="","",B8/AVERAGE($B$2:$B$13))
A9: Syakban | B9: =IFERROR(AVERAGEIF(Bulanan!$D$2:$D$200,A9,Bulanan!$C$2:$C$200),"") | C9: =IF(B9="","",B9/AVERAGE($B$2:$B$13))
A10: Ramadan | B10: =IFERROR(AVERAGEIF(Bulanan!$D$2:$D$200,A10,Bulanan!$C$2:$C$200),"") | C10: =IF(B10="","",B10/AVERAGE($B$2:$B$13))
A11: Syawal | B11: =IFERROR(AVERAGEIF(Bulanan!$D$2:$D$200,A11,Bulanan!$C$2:$C$200),"") | C11: =IF(B11="","",B11/AVERAGE($B$2:$B$13))
A12: Zulkaidah | B12: =IFERROR(AVERAGEIF(Bulanan!$D$2:$D$200,A12,Bulanan!$C$2:$C$200),"") | C12: =IF(B12="","",B12/AVERAGE($B$2:$B$13))
A13: Zulhijah | B13: =IFERROR(AVERAGEIF(Bulanan!$D$2:$D$200,A13,Bulanan!$C$2:$C$200),"") | C13: =IF(B13="","",B13/AVERAGE($B$2:$B$13))

Sheet Proyeksi
A1: Tahun | B1: Dana Ramadan | C1: Pertumbuhan
A2: =IFERROR(INDEX(UNIQUE(FILTER(Bulanan!$A$2:$A$200,Bulanan!$D$2:$D$200="Ramadan")),ROW()-1),"") | B2: =IF(A2="","",SUMIFS(Bulanan!$C$2:$C$200,Bulanan!$A$2:$A$200,A2,Bulanan!$D$2:$D$200,"Ramadan"))
A3: =IFERROR(INDEX(UNIQUE(FILTER(Bulanan!$A$2:$A$200,Bulanan!$D$2:$D$200="Ramadan")),ROW()-1),"") | B3: =IF(A3="","",SUMIFS(Bulanan!$C$2:$C$200,Bulanan!$A$2:$A$200,A3,Bulanan!$D$2:$D$200,"Ramadan")) | C3: =IF(OR(A3="",B2="",ROW()=2),"",B3/B2-1)
A4: =IFERROR(INDEX(UNIQUE(FILTER(Bulanan!$A$2:$A$200,Bulanan!$D$2:$D$200="Ramadan")),ROW()-1),"") | B4: =IF(A4="","",SUMIFS(Bulanan!$C$2:$C$200,Bulanan!$A$2:$A$200,A4,Bulanan!$D$2:$D$200,"Ramadan")) | C4: =IF(OR(A4="",B3="",ROW()=2),"",B4/B3-1)
A5: =IFERROR(INDEX(UNIQUE(FILTER(Bulanan!$A$2:$A$200,Bulanan!$D$2:$D$200="Ramadan")),ROW()-1),"") | B5: =IF(A5="","",SUMIFS(Bulanan!$C$2:$C$200,Bulanan!$A$2:$A$200,A5,Bulanan!$D$2:$D$200,"Ramadan")) | C5: =IF(OR(A5="",B4="",ROW()=2),"",B5/B4-1)
A8: Ramadan terakhir | B8: =LOOKUP(2,1/(B2:B5<>""),B2:B5)
A9: Pertumbuhan terendah | B9: =MIN(C3:C5)
A10: Pertumbuhan rata-rata | B10: =AVERAGE(C3:C5)
A11: Pertumbuhan tertinggi | B11: =MAX(C3:C5)
A13: Proyeksi Ramadan berikutnya
A14: Skenario rendah | B14: =B8*(1+B9)
A15: Skenario tengah | B15: =B8*(1+B10)
A16: Skenario tinggi | B16: =B8*(1+B11)
