Workbook

Sheet Petunjuk
A1: Rekap Donasi Standar · Zakademia
A2: Lembar Donasi: satu baris per transaksi. Kolom A tanggal (format tahun-bulan-tanggal), B ID donatur, C nominal angka murni, D jenis dana, E kanal, F program.
A3: Kolom H (ID dari WhatsApp) membantu membuat ID: tempel nomor WhatsApp di kolom G, rumus di H membersihkannya.
A4: Lembar Donatur terisi otomatis dari lembar Donasi (ID unik, jumlah transaksi, total, donasi pertama dan terakhir). Perbarui dengan Data > Refresh bila memakai tabel pivot, atau biarkan rumus bekerja.
A5: Hapus transaksi ganda: Data > Remove Duplicates pada kolom A, B, C.

Sheet Donasi
A1: Tanggal | B1: ID donatur | C1: Nominal | D1: Jenis dana | E1: Kanal | F1: Program | G1: No. WhatsApp (bantu) | H1: ID dari WhatsApp (bantu)
A2: 2025-03-05 | B2: 081234567890 | C2: 500000 | D2: zakat | E2: transfer | F2: Zakat Ramadan | H2: =IF(G2="","",SUBSTITUTE(SUBSTITUTE(SUBSTITUTE(SUBSTITUTE(TRIM(G2)," ",""),"-",""),"+62","0"),"62","0"))
A3: 2025-03-07 | B3: 081298765432 | C3: 150000 | D3: infak | E3: QRIS | F3: Paket sembako | H3: =IF(G3="","",SUBSTITUTE(SUBSTITUTE(SUBSTITUTE(SUBSTITUTE(TRIM(G3)," ",""),"-",""),"+62","0"),"62","0"))
A4: 2025-04-01 | B4: 081234567890 | C4: 100000 | D4: infak | E4: aplikasi | H4: =IF(G4="","",SUBSTITUTE(SUBSTITUTE(SUBSTITUTE(SUBSTITUTE(TRIM(G4)," ",""),"-",""),"+62","0"),"62","0"))
H5: =IF(G5="","",SUBSTITUTE(SUBSTITUTE(SUBSTITUTE(SUBSTITUTE(TRIM(G5)," ",""),"-",""),"+62","0"),"62","0"))
H6: =IF(G6="","",SUBSTITUTE(SUBSTITUTE(SUBSTITUTE(SUBSTITUTE(TRIM(G6)," ",""),"-",""),"+62","0"),"62","0"))
H7: =IF(G7="","",SUBSTITUTE(SUBSTITUTE(SUBSTITUTE(SUBSTITUTE(TRIM(G7)," ",""),"-",""),"+62","0"),"62","0"))
H8: =IF(G8="","",SUBSTITUTE(SUBSTITUTE(SUBSTITUTE(SUBSTITUTE(TRIM(G8)," ",""),"-",""),"+62","0"),"62","0"))
H9: =IF(G9="","",SUBSTITUTE(SUBSTITUTE(SUBSTITUTE(SUBSTITUTE(TRIM(G9)," ",""),"-",""),"+62","0"),"62","0"))
H10: =IF(G10="","",SUBSTITUTE(SUBSTITUTE(SUBSTITUTE(SUBSTITUTE(TRIM(G10)," ",""),"-",""),"+62","0"),"62","0"))
H11: =IF(G11="","",SUBSTITUTE(SUBSTITUTE(SUBSTITUTE(SUBSTITUTE(TRIM(G11)," ",""),"-",""),"+62","0"),"62","0"))
H12: =IF(G12="","",SUBSTITUTE(SUBSTITUTE(SUBSTITUTE(SUBSTITUTE(TRIM(G12)," ",""),"-",""),"+62","0"),"62","0"))
H13: =IF(G13="","",SUBSTITUTE(SUBSTITUTE(SUBSTITUTE(SUBSTITUTE(TRIM(G13)," ",""),"-",""),"+62","0"),"62","0"))
H14: =IF(G14="","",SUBSTITUTE(SUBSTITUTE(SUBSTITUTE(SUBSTITUTE(TRIM(G14)," ",""),"-",""),"+62","0"),"62","0"))
H15: =IF(G15="","",SUBSTITUTE(SUBSTITUTE(SUBSTITUTE(SUBSTITUTE(TRIM(G15)," ",""),"-",""),"+62","0"),"62","0"))
H16: =IF(G16="","",SUBSTITUTE(SUBSTITUTE(SUBSTITUTE(SUBSTITUTE(TRIM(G16)," ",""),"-",""),"+62","0"),"62","0"))
... H5000: =IF(G5000="","",SUBSTITUTE(SUBSTITUTE(SUBSTITUTE(SUBSTITUTE(TRIM(G5000)," ",""),"-",""),"+62","0"),"62","0"))

Sheet Donatur
A1: ID donatur | B1: Jumlah transaksi | C1: Total nominal | D1: Donasi pertama | E1: Donasi terakhir | F1: Nama (isi sendiri) | G1: Kota | H1: Kanal pertama | J1: Kolom A memakai UNIQUE/FILTER (Excel 365 / Google Sheets). Di Excel lama, salin kolom B lembar Donasi ke sini lalu Remove Duplicates.
A2: =IFERROR(INDEX(UNIQUE(FILTER(Donasi!B2:B5000,Donasi!B2:B5000<>"")),ROW()-1),"") | B2: =IF(A2="","",COUNTIF(Donasi!$B$2:$B$5000,A2)) | C2: =IF(A2="","",SUMIF(Donasi!$B$2:$B$5000,A2,Donasi!$C$2:$C$5000)) | D2: =IF(A2="","",MINIFS(Donasi!$A$2:$A$5000,Donasi!$B$2:$B$5000,A2)) | E2: =IF(A2="","",MAXIFS(Donasi!$A$2:$A$5000,Donasi!$B$2:$B$5000,A2))
B3: =IF(A3="","",COUNTIF(Donasi!$B$2:$B$5000,A3)) | C3: =IF(A3="","",SUMIF(Donasi!$B$2:$B$5000,A3,Donasi!$C$2:$C$5000)) | D3: =IF(A3="","",MINIFS(Donasi!$A$2:$A$5000,Donasi!$B$2:$B$5000,A3)) | E3: =IF(A3="","",MAXIFS(Donasi!$A$2:$A$5000,Donasi!$B$2:$B$5000,A3))
B4: =IF(A4="","",COUNTIF(Donasi!$B$2:$B$5000,A4)) | C4: =IF(A4="","",SUMIF(Donasi!$B$2:$B$5000,A4,Donasi!$C$2:$C$5000)) | D4: =IF(A4="","",MINIFS(Donasi!$A$2:$A$5000,Donasi!$B$2:$B$5000,A4)) | E4: =IF(A4="","",MAXIFS(Donasi!$A$2:$A$5000,Donasi!$B$2:$B$5000,A4))
B5: =IF(A5="","",COUNTIF(Donasi!$B$2:$B$5000,A5)) | C5: =IF(A5="","",SUMIF(Donasi!$B$2:$B$5000,A5,Donasi!$C$2:$C$5000)) | D5: =IF(A5="","",MINIFS(Donasi!$A$2:$A$5000,Donasi!$B$2:$B$5000,A5)) | E5: =IF(A5="","",MAXIFS(Donasi!$A$2:$A$5000,Donasi!$B$2:$B$5000,A5))
B6: =IF(A6="","",COUNTIF(Donasi!$B$2:$B$5000,A6)) | C6: =IF(A6="","",SUMIF(Donasi!$B$2:$B$5000,A6,Donasi!$C$2:$C$5000)) | D6: =IF(A6="","",MINIFS(Donasi!$A$2:$A$5000,Donasi!$B$2:$B$5000,A6)) | E6: =IF(A6="","",MAXIFS(Donasi!$A$2:$A$5000,Donasi!$B$2:$B$5000,A6))
B7: =IF(A7="","",COUNTIF(Donasi!$B$2:$B$5000,A7)) | C7: =IF(A7="","",SUMIF(Donasi!$B$2:$B$5000,A7,Donasi!$C$2:$C$5000)) | D7: =IF(A7="","",MINIFS(Donasi!$A$2:$A$5000,Donasi!$B$2:$B$5000,A7)) | E7: =IF(A7="","",MAXIFS(Donasi!$A$2:$A$5000,Donasi!$B$2:$B$5000,A7))
B8: =IF(A8="","",COUNTIF(Donasi!$B$2:$B$5000,A8)) | C8: =IF(A8="","",SUMIF(Donasi!$B$2:$B$5000,A8,Donasi!$C$2:$C$5000)) | D8: =IF(A8="","",MINIFS(Donasi!$A$2:$A$5000,Donasi!$B$2:$B$5000,A8)) | E8: =IF(A8="","",MAXIFS(Donasi!$A$2:$A$5000,Donasi!$B$2:$B$5000,A8))
B9: =IF(A9="","",COUNTIF(Donasi!$B$2:$B$5000,A9)) | C9: =IF(A9="","",SUMIF(Donasi!$B$2:$B$5000,A9,Donasi!$C$2:$C$5000)) | D9: =IF(A9="","",MINIFS(Donasi!$A$2:$A$5000,Donasi!$B$2:$B$5000,A9)) | E9: =IF(A9="","",MAXIFS(Donasi!$A$2:$A$5000,Donasi!$B$2:$B$5000,A9))
B10: =IF(A10="","",COUNTIF(Donasi!$B$2:$B$5000,A10)) | C10: =IF(A10="","",SUMIF(Donasi!$B$2:$B$5000,A10,Donasi!$C$2:$C$5000)) | D10: =IF(A10="","",MINIFS(Donasi!$A$2:$A$5000,Donasi!$B$2:$B$5000,A10)) | E10: =IF(A10="","",MAXIFS(Donasi!$A$2:$A$5000,Donasi!$B$2:$B$5000,A10))
B11: =IF(A11="","",COUNTIF(Donasi!$B$2:$B$5000,A11)) | C11: =IF(A11="","",SUMIF(Donasi!$B$2:$B$5000,A11,Donasi!$C$2:$C$5000)) | D11: =IF(A11="","",MINIFS(Donasi!$A$2:$A$5000,Donasi!$B$2:$B$5000,A11)) | E11: =IF(A11="","",MAXIFS(Donasi!$A$2:$A$5000,Donasi!$B$2:$B$5000,A11))
B12: =IF(A12="","",COUNTIF(Donasi!$B$2:$B$5000,A12)) | C12: =IF(A12="","",SUMIF(Donasi!$B$2:$B$5000,A12,Donasi!$C$2:$C$5000)) | D12: =IF(A12="","",MINIFS(Donasi!$A$2:$A$5000,Donasi!$B$2:$B$5000,A12)) | E12: =IF(A12="","",MAXIFS(Donasi!$A$2:$A$5000,Donasi!$B$2:$B$5000,A12))
B13: =IF(A13="","",COUNTIF(Donasi!$B$2:$B$5000,A13)) | C13: =IF(A13="","",SUMIF(Donasi!$B$2:$B$5000,A13,Donasi!$C$2:$C$5000)) | D13: =IF(A13="","",MINIFS(Donasi!$A$2:$A$5000,Donasi!$B$2:$B$5000,A13)) | E13: =IF(A13="","",MAXIFS(Donasi!$A$2:$A$5000,Donasi!$B$2:$B$5000,A13))
B14: =IF(A14="","",COUNTIF(Donasi!$B$2:$B$5000,A14)) | C14: =IF(A14="","",SUMIF(Donasi!$B$2:$B$5000,A14,Donasi!$C$2:$C$5000)) | D14: =IF(A14="","",MINIFS(Donasi!$A$2:$A$5000,Donasi!$B$2:$B$5000,A14)) | E14: =IF(A14="","",MAXIFS(Donasi!$A$2:$A$5000,Donasi!$B$2:$B$5000,A14))
... B3000: =IF(A3000="","",COUNTIF(Donasi!$B$2:$B$5000,A3000)) | C3000: =IF(A3000="","",SUMIF(Donasi!$B$2:$B$5000,A3000,Donasi!$C$2:$C$5000)) | D3000: =IF(A3000="","",MINIFS(Donasi!$A$2:$A$5000,Donasi!$B$2:$B$5000,A3000)) | E3000: =IF(A3000="","",MAXIFS(Donasi!$A$2:$A$5000,Donasi!$B$2:$B$5000,A3000))

Sheet Ringkasan
A1: Ringkasan rekap
A3: Jumlah transaksi | B3: =COUNTA(Donasi!B2:B5000)
A4: Donatur unik | B4: =COUNTA(Donatur!A2:A3000)
A5: Total dana | B5: =SUM(Donasi!C2:C5000)
A6: Baris tanpa ID | B6: =COUNTBLANK(Donasi!B2:B5000)-(5000-COUNTA(Donasi!A2:A5000)-1)
