Workbook

Sheet Petunjuk
A1: RFM dan Piramida Donatur · Zakademia
A2: Tempel lembar Donasi (tanggal, ID, nominal) untuk 2 sampai 3 tahun terakhir. Isi tanggal acuan di Segmen!B1 (biasanya hari ini).
A3: Lembar Segmen menghitung Recency (hari sejak donasi terakhir), Frequency, Monetary, skor 1–5 per kuintil, dan label segmen.
A4: Lembar Piramida: urutkan kolom Total dari besar ke kecil (Data > Sort) lalu baca konsentrasi 1%, 10%, 50% teratas.

Sheet Donasi
A1: Tanggal | B1: ID donatur | C1: Nominal

Sheet Segmen
A1: Tanggal acuan | B1: =TODAY()
A2: ID donatur | B2: Hari sejak terakhir (R) | C2: Jumlah donasi (F) | D2: Total (M) | E2: Skor R | F2: Skor F | G2: Skor M | H2: RFM | I2: Segmen
A3: =IFERROR(INDEX(UNIQUE(FILTER(Donasi!B2:B20000,Donasi!B2:B20000<>"")),ROW()-2),"") | B3: =IF(A3="","",$B$1-MAXIFS(Donasi!$A$2:$A$20000,Donasi!$B$2:$B$20000,A3)) | C3: =IF(A3="","",COUNTIF(Donasi!$B$2:$B$20000,A3)) | D3: =IF(A3="","",SUMIF(Donasi!$B$2:$B$20000,A3,Donasi!$C$2:$C$20000)) | E3: =IF(A3="","",6-CEILING(PERCENTRANK.INC($B$3:$B$6000,B3,4)*5+0.000001,1)) | F3: =IF(A3="","",MAX(1,CEILING(PERCENTRANK.INC($C$3:$C$6000,C3,4)*5+0.000001,1))) | G3: =IF(A3="","",MAX(1,CEILING(PERCENTRANK.INC($D$3:$D$6000,D3,4)*5+0.000001,1))) | H3: =IF(A3="","",E3&F3&G3) | I3: =IF(A3="","",IF(AND(E3>=4,F3>=4,G3>=4),"Juara",IF(AND(F3>=4,E3>=3),"Setia",IF(AND(E3=5,F3<=2,G3>=3),"Berpotensi",IF(AND(E3<=3,E3>=2,F3>=3),"Rawan",IF(AND(E3<=2,F3<=2),"Tidur","Umum"))))))
B4: =IF(A4="","",$B$1-MAXIFS(Donasi!$A$2:$A$20000,Donasi!$B$2:$B$20000,A4)) | C4: =IF(A4="","",COUNTIF(Donasi!$B$2:$B$20000,A4)) | D4: =IF(A4="","",SUMIF(Donasi!$B$2:$B$20000,A4,Donasi!$C$2:$C$20000)) | E4: =IF(A4="","",6-CEILING(PERCENTRANK.INC($B$3:$B$6000,B4,4)*5+0.000001,1)) | F4: =IF(A4="","",MAX(1,CEILING(PERCENTRANK.INC($C$3:$C$6000,C4,4)*5+0.000001,1))) | G4: =IF(A4="","",MAX(1,CEILING(PERCENTRANK.INC($D$3:$D$6000,D4,4)*5+0.000001,1))) | H4: =IF(A4="","",E4&F4&G4) | I4: =IF(A4="","",IF(AND(E4>=4,F4>=4,G4>=4),"Juara",IF(AND(F4>=4,E4>=3),"Setia",IF(AND(E4=5,F4<=2,G4>=3),"Berpotensi",IF(AND(E4<=3,E4>=2,F4>=3),"Rawan",IF(AND(E4<=2,F4<=2),"Tidur","Umum"))))))
B5: =IF(A5="","",$B$1-MAXIFS(Donasi!$A$2:$A$20000,Donasi!$B$2:$B$20000,A5)) | C5: =IF(A5="","",COUNTIF(Donasi!$B$2:$B$20000,A5)) | D5: =IF(A5="","",SUMIF(Donasi!$B$2:$B$20000,A5,Donasi!$C$2:$C$20000)) | E5: =IF(A5="","",6-CEILING(PERCENTRANK.INC($B$3:$B$6000,B5,4)*5+0.000001,1)) | F5: =IF(A5="","",MAX(1,CEILING(PERCENTRANK.INC($C$3:$C$6000,C5,4)*5+0.000001,1))) | G5: =IF(A5="","",MAX(1,CEILING(PERCENTRANK.INC($D$3:$D$6000,D5,4)*5+0.000001,1))) | H5: =IF(A5="","",E5&F5&G5) | I5: =IF(A5="","",IF(AND(E5>=4,F5>=4,G5>=4),"Juara",IF(AND(F5>=4,E5>=3),"Setia",IF(AND(E5=5,F5<=2,G5>=3),"Berpotensi",IF(AND(E5<=3,E5>=2,F5>=3),"Rawan",IF(AND(E5<=2,F5<=2),"Tidur","Umum"))))))
B6: =IF(A6="","",$B$1-MAXIFS(Donasi!$A$2:$A$20000,Donasi!$B$2:$B$20000,A6)) | C6: =IF(A6="","",COUNTIF(Donasi!$B$2:$B$20000,A6)) | D6: =IF(A6="","",SUMIF(Donasi!$B$2:$B$20000,A6,Donasi!$C$2:$C$20000)) | E6: =IF(A6="","",6-CEILING(PERCENTRANK.INC($B$3:$B$6000,B6,4)*5+0.000001,1)) | F6: =IF(A6="","",MAX(1,CEILING(PERCENTRANK.INC($C$3:$C$6000,C6,4)*5+0.000001,1))) | G6: =IF(A6="","",MAX(1,CEILING(PERCENTRANK.INC($D$3:$D$6000,D6,4)*5+0.000001,1))) | H6: =IF(A6="","",E6&F6&G6) | I6: =IF(A6="","",IF(AND(E6>=4,F6>=4,G6>=4),"Juara",IF(AND(F6>=4,E6>=3),"Setia",IF(AND(E6=5,F6<=2,G6>=3),"Berpotensi",IF(AND(E6<=3,E6>=2,F6>=3),"Rawan",IF(AND(E6<=2,F6<=2),"Tidur","Umum"))))))
B7: =IF(A7="","",$B$1-MAXIFS(Donasi!$A$2:$A$20000,Donasi!$B$2:$B$20000,A7)) | C7: =IF(A7="","",COUNTIF(Donasi!$B$2:$B$20000,A7)) | D7: =IF(A7="","",SUMIF(Donasi!$B$2:$B$20000,A7,Donasi!$C$2:$C$20000)) | E7: =IF(A7="","",6-CEILING(PERCENTRANK.INC($B$3:$B$6000,B7,4)*5+0.000001,1)) | F7: =IF(A7="","",MAX(1,CEILING(PERCENTRANK.INC($C$3:$C$6000,C7,4)*5+0.000001,1))) | G7: =IF(A7="","",MAX(1,CEILING(PERCENTRANK.INC($D$3:$D$6000,D7,4)*5+0.000001,1))) | H7: =IF(A7="","",E7&F7&G7) | I7: =IF(A7="","",IF(AND(E7>=4,F7>=4,G7>=4),"Juara",IF(AND(F7>=4,E7>=3),"Setia",IF(AND(E7=5,F7<=2,G7>=3),"Berpotensi",IF(AND(E7<=3,E7>=2,F7>=3),"Rawan",IF(AND(E7<=2,F7<=2),"Tidur","Umum"))))))
B8: =IF(A8="","",$B$1-MAXIFS(Donasi!$A$2:$A$20000,Donasi!$B$2:$B$20000,A8)) | C8: =IF(A8="","",COUNTIF(Donasi!$B$2:$B$20000,A8)) | D8: =IF(A8="","",SUMIF(Donasi!$B$2:$B$20000,A8,Donasi!$C$2:$C$20000)) | E8: =IF(A8="","",6-CEILING(PERCENTRANK.INC($B$3:$B$6000,B8,4)*5+0.000001,1)) | F8: =IF(A8="","",MAX(1,CEILING(PERCENTRANK.INC($C$3:$C$6000,C8,4)*5+0.000001,1))) | G8: =IF(A8="","",MAX(1,CEILING(PERCENTRANK.INC($D$3:$D$6000,D8,4)*5+0.000001,1))) | H8: =IF(A8="","",E8&F8&G8) | I8: =IF(A8="","",IF(AND(E8>=4,F8>=4,G8>=4),"Juara",IF(AND(F8>=4,E8>=3),"Setia",IF(AND(E8=5,F8<=2,G8>=3),"Berpotensi",IF(AND(E8<=3,E8>=2,F8>=3),"Rawan",IF(AND(E8<=2,F8<=2),"Tidur","Umum"))))))
B9: =IF(A9="","",$B$1-MAXIFS(Donasi!$A$2:$A$20000,Donasi!$B$2:$B$20000,A9)) | C9: =IF(A9="","",COUNTIF(Donasi!$B$2:$B$20000,A9)) | D9: =IF(A9="","",SUMIF(Donasi!$B$2:$B$20000,A9,Donasi!$C$2:$C$20000)) | E9: =IF(A9="","",6-CEILING(PERCENTRANK.INC($B$3:$B$6000,B9,4)*5+0.000001,1)) | F9: =IF(A9="","",MAX(1,CEILING(PERCENTRANK.INC($C$3:$C$6000,C9,4)*5+0.000001,1))) | G9: =IF(A9="","",MAX(1,CEILING(PERCENTRANK.INC($D$3:$D$6000,D9,4)*5+0.000001,1))) | H9: =IF(A9="","",E9&F9&G9) | I9: =IF(A9="","",IF(AND(E9>=4,F9>=4,G9>=4),"Juara",IF(AND(F9>=4,E9>=3),"Setia",IF(AND(E9=5,F9<=2,G9>=3),"Berpotensi",IF(AND(E9<=3,E9>=2,F9>=3),"Rawan",IF(AND(E9<=2,F9<=2),"Tidur","Umum"))))))
B10: =IF(A10="","",$B$1-MAXIFS(Donasi!$A$2:$A$20000,Donasi!$B$2:$B$20000,A10)) | C10: =IF(A10="","",COUNTIF(Donasi!$B$2:$B$20000,A10)) | D10: =IF(A10="","",SUMIF(Donasi!$B$2:$B$20000,A10,Donasi!$C$2:$C$20000)) | E10: =IF(A10="","",6-CEILING(PERCENTRANK.INC($B$3:$B$6000,B10,4)*5+0.000001,1)) | F10: =IF(A10="","",MAX(1,CEILING(PERCENTRANK.INC($C$3:$C$6000,C10,4)*5+0.000001,1))) | G10: =IF(A10="","",MAX(1,CEILING(PERCENTRANK.INC($D$3:$D$6000,D10,4)*5+0.000001,1))) | H10: =IF(A10="","",E10&F10&G10) | I10: =IF(A10="","",IF(AND(E10>=4,F10>=4,G10>=4),"Juara",IF(AND(F10>=4,E10>=3),"Setia",IF(AND(E10=5,F10<=2,G10>=3),"Berpotensi",IF(AND(E10<=3,E10>=2,F10>=3),"Rawan",IF(AND(E10<=2,F10<=2),"Tidur","Umum"))))))
B11: =IF(A11="","",$B$1-MAXIFS(Donasi!$A$2:$A$20000,Donasi!$B$2:$B$20000,A11)) | C11: =IF(A11="","",COUNTIF(Donasi!$B$2:$B$20000,A11)) | D11: =IF(A11="","",SUMIF(Donasi!$B$2:$B$20000,A11,Donasi!$C$2:$C$20000)) | E11: =IF(A11="","",6-CEILING(PERCENTRANK.INC($B$3:$B$6000,B11,4)*5+0.000001,1)) | F11: =IF(A11="","",MAX(1,CEILING(PERCENTRANK.INC($C$3:$C$6000,C11,4)*5+0.000001,1))) | G11: =IF(A11="","",MAX(1,CEILING(PERCENTRANK.INC($D$3:$D$6000,D11,4)*5+0.000001,1))) | H11: =IF(A11="","",E11&F11&G11) | I11: =IF(A11="","",IF(AND(E11>=4,F11>=4,G11>=4),"Juara",IF(AND(F11>=4,E11>=3),"Setia",IF(AND(E11=5,F11<=2,G11>=3),"Berpotensi",IF(AND(E11<=3,E11>=2,F11>=3),"Rawan",IF(AND(E11<=2,F11<=2),"Tidur","Umum"))))))
B12: =IF(A12="","",$B$1-MAXIFS(Donasi!$A$2:$A$20000,Donasi!$B$2:$B$20000,A12)) | C12: =IF(A12="","",COUNTIF(Donasi!$B$2:$B$20000,A12)) | D12: =IF(A12="","",SUMIF(Donasi!$B$2:$B$20000,A12,Donasi!$C$2:$C$20000)) | E12: =IF(A12="","",6-CEILING(PERCENTRANK.INC($B$3:$B$6000,B12,4)*5+0.000001,1)) | F12: =IF(A12="","",MAX(1,CEILING(PERCENTRANK.INC($C$3:$C$6000,C12,4)*5+0.000001,1))) | G12: =IF(A12="","",MAX(1,CEILING(PERCENTRANK.INC($D$3:$D$6000,D12,4)*5+0.000001,1))) | H12: =IF(A12="","",E12&F12&G12) | I12: =IF(A12="","",IF(AND(E12>=4,F12>=4,G12>=4),"Juara",IF(AND(F12>=4,E12>=3),"Setia",IF(AND(E12=5,F12<=2,G12>=3),"Berpotensi",IF(AND(E12<=3,E12>=2,F12>=3),"Rawan",IF(AND(E12<=2,F12<=2),"Tidur","Umum"))))))
B13: =IF(A13="","",$B$1-MAXIFS(Donasi!$A$2:$A$20000,Donasi!$B$2:$B$20000,A13)) | C13: =IF(A13="","",COUNTIF(Donasi!$B$2:$B$20000,A13)) | D13: =IF(A13="","",SUMIF(Donasi!$B$2:$B$20000,A13,Donasi!$C$2:$C$20000)) | E13: =IF(A13="","",6-CEILING(PERCENTRANK.INC($B$3:$B$6000,B13,4)*5+0.000001,1)) | F13: =IF(A13="","",MAX(1,CEILING(PERCENTRANK.INC($C$3:$C$6000,C13,4)*5+0.000001,1))) | G13: =IF(A13="","",MAX(1,CEILING(PERCENTRANK.INC($D$3:$D$6000,D13,4)*5+0.000001,1))) | H13: =IF(A13="","",E13&F13&G13) | I13: =IF(A13="","",IF(AND(E13>=4,F13>=4,G13>=4),"Juara",IF(AND(F13>=4,E13>=3),"Setia",IF(AND(E13=5,F13<=2,G13>=3),"Berpotensi",IF(AND(E13<=3,E13>=2,F13>=3),"Rawan",IF(AND(E13<=2,F13<=2),"Tidur","Umum"))))))
B14: =IF(A14="","",$B$1-MAXIFS(Donasi!$A$2:$A$20000,Donasi!$B$2:$B$20000,A14)) | C14: =IF(A14="","",COUNTIF(Donasi!$B$2:$B$20000,A14)) | D14: =IF(A14="","",SUMIF(Donasi!$B$2:$B$20000,A14,Donasi!$C$2:$C$20000)) | E14: =IF(A14="","",6-CEILING(PERCENTRANK.INC($B$3:$B$6000,B14,4)*5+0.000001,1)) | F14: =IF(A14="","",MAX(1,CEILING(PERCENTRANK.INC($C$3:$C$6000,C14,4)*5+0.000001,1))) | G14: =IF(A14="","",MAX(1,CEILING(PERCENTRANK.INC($D$3:$D$6000,D14,4)*5+0.000001,1))) | H14: =IF(A14="","",E14&F14&G14) | I14: =IF(A14="","",IF(AND(E14>=4,F14>=4,G14>=4),"Juara",IF(AND(F14>=4,E14>=3),"Setia",IF(AND(E14=5,F14<=2,G14>=3),"Berpotensi",IF(AND(E14<=3,E14>=2,F14>=3),"Rawan",IF(AND(E14<=2,F14<=2),"Tidur","Umum"))))))
B15: =IF(A15="","",$B$1-MAXIFS(Donasi!$A$2:$A$20000,Donasi!$B$2:$B$20000,A15)) | C15: =IF(A15="","",COUNTIF(Donasi!$B$2:$B$20000,A15)) | D15: =IF(A15="","",SUMIF(Donasi!$B$2:$B$20000,A15,Donasi!$C$2:$C$20000)) | E15: =IF(A15="","",6-CEILING(PERCENTRANK.INC($B$3:$B$6000,B15,4)*5+0.000001,1)) | F15: =IF(A15="","",MAX(1,CEILING(PERCENTRANK.INC($C$3:$C$6000,C15,4)*5+0.000001,1))) | G15: =IF(A15="","",MAX(1,CEILING(PERCENTRANK.INC($D$3:$D$6000,D15,4)*5+0.000001,1))) | H15: =IF(A15="","",E15&F15&G15) | I15: =IF(A15="","",IF(AND(E15>=4,F15>=4,G15>=4),"Juara",IF(AND(F15>=4,E15>=3),"Setia",IF(AND(E15=5,F15<=2,G15>=3),"Berpotensi",IF(AND(E15<=3,E15>=2,F15>=3),"Rawan",IF(AND(E15<=2,F15<=2),"Tidur","Umum"))))))
... B6000: =IF(A6000="","",$B$1-MAXIFS(Donasi!$A$2:$A$20000,Donasi!$B$2:$B$20000,A6000)) | C6000: =IF(A6000="","",COUNTIF(Donasi!$B$2:$B$20000,A6000)) | D6000: =IF(A6000="","",SUMIF(Donasi!$B$2:$B$20000,A6000,Donasi!$C$2:$C$20000)) | E6000: =IF(A6000="","",6-CEILING(PERCENTRANK.INC($B$3:$B$6000,B6000,4)*5+0.000001,1)) | F6000: =IF(A6000="","",MAX(1,CEILING(PERCENTRANK.INC($C$3:$C$6000,C6000,4)*5+0.000001,1))) | G6000: =IF(A6000="","",MAX(1,CEILING(PERCENTRANK.INC($D$3:$D$6000,D6000,4)*5+0.000001,1))) | H6000: =IF(A6000="","",E6000&F6000&G6000) | I6000: =IF(A6000="","",IF(AND(E6000>=4,F6000>=4,G6000>=4),"Juara",IF(AND(F6000>=4,E6000>=3),"Setia",IF(AND(E6000=5,F6000<=2,G6000>=3),"Berpotensi",IF(AND(E6000<=3,E6000>=2,F6000>=3),"Rawan",IF(AND(E6000<=2,F6000<=2),"Tidur","Umum"))))))

Sheet Rekap segmen
A1: Segmen | B1: Jumlah donatur | C1: Total dana | D1: Tindakan
A2: Juara | B2: =COUNTIF(Segmen!I3:I6000,A2) | C2: =SUMIF(Segmen!I3:I6000,A2,Segmen!D3:D6000) | D2: Laporan dampak personal, ajak jadi duta, jangan dibanjiri promosi
A3: Setia | B3: =COUNTIF(Segmen!I3:I6000,A3) | C3: =SUMIF(Segmen!I3:I6000,A3,Segmen!D3:D6000) | D3: Tawarkan program rutin bulanan / autodebit
A4: Berpotensi | B4: =COUNTIF(Segmen!I3:I6000,A4) | C4: =SUMIF(Segmen!I3:I6000,A4,Segmen!D3:D6000) | D4: Donatur baru bernilai besar: tindak lanjut dalam 90 hari
A5: Rawan | B5: =COUNTIF(Segmen!I3:I6000,A5) | C5: =SUMIF(Segmen!I3:I6000,A5,Segmen!D3:D6000) | D5: Hubungi secara personal sebelum hilang
A6: Tidur | B6: =COUNTIF(Segmen!I3:I6000,A6) | C6: =SUMIF(Segmen!I3:I6000,A6,Segmen!D3:D6000) | D6: Kampanye ulang ringan, jangan mahal
A7: Umum | B7: =COUNTIF(Segmen!I3:I6000,A7) | C7: =SUMIF(Segmen!I3:I6000,A7,Segmen!D3:D6000) | D7: Komunikasi rutin

Sheet Piramida
A1: Peringkat | B1: ID donatur | C1: Total | E1: Konsentrasi dana
A2: 1 | B2: =IFERROR(INDEX(Segmen!$A$3:$A$6000,MATCH(C2,Segmen!$D$3:$D$6000,0)),"") | C2: =IFERROR(LARGE(Segmen!$D$3:$D$6000,A2),"") | E2: Jumlah donatur | F2: =COUNT(C2:C6000)
A3: 2 | B3: =IFERROR(INDEX(Segmen!$A$3:$A$6000,MATCH(C3,Segmen!$D$3:$D$6000,0)),"") | C3: =IFERROR(LARGE(Segmen!$D$3:$D$6000,A3),"") | E3: Total dana | F3: =SUM(C2:C6000)
A4: 3 | B4: =IFERROR(INDEX(Segmen!$A$3:$A$6000,MATCH(C4,Segmen!$D$3:$D$6000,0)),"") | C4: =IFERROR(LARGE(Segmen!$D$3:$D$6000,A4),"") | E4: 1% teratas | F4: =IF($F$2=0,"",SUM(C2:INDEX(C2:C6000,MAX(1,ROUND($F$2*0.01,0))))/$F$3)
A5: 4 | B5: =IFERROR(INDEX(Segmen!$A$3:$A$6000,MATCH(C5,Segmen!$D$3:$D$6000,0)),"") | C5: =IFERROR(LARGE(Segmen!$D$3:$D$6000,A5),"") | E5: 10% teratas | F5: =IF($F$2=0,"",SUM(C2:INDEX(C2:C6000,MAX(1,ROUND($F$2*0.1,0))))/$F$3)
A6: 5 | B6: =IFERROR(INDEX(Segmen!$A$3:$A$6000,MATCH(C6,Segmen!$D$3:$D$6000,0)),"") | C6: =IFERROR(LARGE(Segmen!$D$3:$D$6000,A6),"") | E6: 50% teratas | F6: =IF($F$2=0,"",SUM(C2:INDEX(C2:C6000,MAX(1,ROUND($F$2*0.5,0))))/$F$3)
A7: 6 | B7: =IFERROR(INDEX(Segmen!$A$3:$A$6000,MATCH(C7,Segmen!$D$3:$D$6000,0)),"") | C7: =IFERROR(LARGE(Segmen!$D$3:$D$6000,A7),"")
A8: 7 | B8: =IFERROR(INDEX(Segmen!$A$3:$A$6000,MATCH(C8,Segmen!$D$3:$D$6000,0)),"") | C8: =IFERROR(LARGE(Segmen!$D$3:$D$6000,A8),"")
A9: 8 | B9: =IFERROR(INDEX(Segmen!$A$3:$A$6000,MATCH(C9,Segmen!$D$3:$D$6000,0)),"") | C9: =IFERROR(LARGE(Segmen!$D$3:$D$6000,A9),"")
A10: 9 | B10: =IFERROR(INDEX(Segmen!$A$3:$A$6000,MATCH(C10,Segmen!$D$3:$D$6000,0)),"") | C10: =IFERROR(LARGE(Segmen!$D$3:$D$6000,A10),"")
A11: 10 | B11: =IFERROR(INDEX(Segmen!$A$3:$A$6000,MATCH(C11,Segmen!$D$3:$D$6000,0)),"") | C11: =IFERROR(LARGE(Segmen!$D$3:$D$6000,A11),"")
A12: 11 | B12: =IFERROR(INDEX(Segmen!$A$3:$A$6000,MATCH(C12,Segmen!$D$3:$D$6000,0)),"") | C12: =IFERROR(LARGE(Segmen!$D$3:$D$6000,A12),"")
A13: 12 | B13: =IFERROR(INDEX(Segmen!$A$3:$A$6000,MATCH(C13,Segmen!$D$3:$D$6000,0)),"") | C13: =IFERROR(LARGE(Segmen!$D$3:$D$6000,A13),"")
A14: 13 | B14: =IFERROR(INDEX(Segmen!$A$3:$A$6000,MATCH(C14,Segmen!$D$3:$D$6000,0)),"") | C14: =IFERROR(LARGE(Segmen!$D$3:$D$6000,A14),"")
A15: 14 | B15: =IFERROR(INDEX(Segmen!$A$3:$A$6000,MATCH(C15,Segmen!$D$3:$D$6000,0)),"") | C15: =IFERROR(LARGE(Segmen!$D$3:$D$6000,A15),"")
A16: 15 | B16: =IFERROR(INDEX(Segmen!$A$3:$A$6000,MATCH(C16,Segmen!$D$3:$D$6000,0)),"") | C16: =IFERROR(LARGE(Segmen!$D$3:$D$6000,A16),"")
A17: 16 | B17: =IFERROR(INDEX(Segmen!$A$3:$A$6000,MATCH(C17,Segmen!$D$3:$D$6000,0)),"") | C17: =IFERROR(LARGE(Segmen!$D$3:$D$6000,A17),"")
A18: 17 | B18: =IFERROR(INDEX(Segmen!$A$3:$A$6000,MATCH(C18,Segmen!$D$3:$D$6000,0)),"") | C18: =IFERROR(LARGE(Segmen!$D$3:$D$6000,A18),"")
... A6000: 5999 | B6000: =IFERROR(INDEX(Segmen!$A$3:$A$6000,MATCH(C6000,Segmen!$D$3:$D$6000,0)),"") | C6000: =IFERROR(LARGE(Segmen!$D$3:$D$6000,A6000),"")
